{
  "model_a": {
    "rf_acc": 0.7689,
    "rf_f1": 0.6713052732149398,
    "rf_precision": 0.6862341711688464,
    "rf_recall": 0.6619333333333334,
    "svm_acc": 0.75,
    "svm_f1": 0.42857142857142855,
    "svm_precision": 0.375,
    "svm_recall": 0.5,
    "lr_acc": 0.53555,
    "lr_f1": 0.4981326241081241,
    "ens_acc": 0.75015,
    "ens_f1": 0.4294032870972434,
    "ens_prec": 0.775068767191798,
    "ens_rec": 0.5003666666666666,
    "confusion_matrix": [
      [
        14999,
        1
      ],
      [
        4996,
        4
      ]
    ],
    "lp_acc": 0.6066666666666667,
    "lp_f1": 0.4563071999836742
  },
  "model_b": {
    "dist_bleu": 0.026077831608281782,
    "dist_rouge1": 0.12982647976002573,
    "dist_rougeL": 0.1292142973296615,
    "dist_meteor": 0.0745006335494785,
    "hint_bleu": 0.015253143036310224,
    "hint_rouge1": 0.11439698792102558,
    "hint_rouge2": 0.04718270305020868,
    "hint_rougeL": 0.09991871206061949,
    "hint_meteor": 0.18785584152503534
  },
  "silhouette": 0.011089310602346577,
  "test": {
    "exact_match": 0.585,
    "answer_bleu": 0.5018892717120866,
    "answer_rouge1": 0.6600887010669307,
    "answer_rouge2": 0.5453574783343924,
    "answer_rougeL": 0.65696507378947,
    "answer_meteor": 0.5968438866069646,
    "qgen_bleu": 0.01843826144548703,
    "qgen_rouge1": 0.1427248527215931,
    "qgen_rouge2": 0.037595846707150854,
    "qgen_rougeL": 0.12245677935813994,
    "qgen_meteor": 0.1112790900277289
  }
}