{
  "model_a": {
    "rf_acc": 0.7689,
    "rf_f1": 0.6713052732149398,
    "rf_precision": 0.6862341711688464,
    "rf_recall": 0.6619333333333334,
    "svm_acc": 0.75,
    "svm_f1": 0.42857142857142855,
    "svm_precision": 0.375,
    "svm_recall": 0.5,
    "lr_acc": 0.53555,
    "lr_f1": 0.4981326241081241,
    "ens_acc": 0.75015,
    "ens_f1": 0.4294032870972434,
    "ens_prec": 0.775068767191798,
    "ens_rec": 0.5003666666666666,
    "confusion_matrix": [
      [
        14999,
        1
      ],
      [
        4996,
        4
      ]
    ],
    "lp_acc": 0.6364705882352941,
    "lp_f1": 0.44991884391852976
  },
  "model_b": {
    "dist_precision": 1.0,
    "dist_recall": 0.93,
    "dist_f1": 0.9637305699481865,
    "hint_acc": 0.9717073170731707,
    "hint_f1": 0.9074878076866817,
    "hint_r2": 0.8318514504747362
  },
  "silhouette": 0.011089310602346577,
  "test": {
    "test_acc": 0.750125,
    "test_f1": 0.42910179312800917,
    "test_prec": 0.8750468808601075,
    "test_rec": 0.50025,
    "test_r2": -0.1329812850785177,
    "exact_match": 0.585
  }
}